#{"t_start": 1778387410.9525952, "env_id": "None"}
r,l,t
11.731416,1000,2.014941
8.677256,1000,3.553555
7.611675,905,5.369748
-2.426101,158,5.574401
18.568865,1000,6.947264
0.597371,247,7.930762
-2.757026,203,8.190111
0.671099,309,8.596684
1.646743,291,8.974054
11.334427,726,9.91236
6.065034,672,11.313904
-2.126437,69,11.39451
10.632903,556,12.145071
7.730708,519,12.81192
22.778956,1000,14.622969
14.397098,729,15.568017
28.303044,1000,17.901351
20.393564,632,18.749975
18.164421,534,19.440131
41.650954,1000,21.265973
55.110165,1000,22.574441
58.918681,1000,24.408249
4.986302,152,24.621128
1.858168,94,24.758983
75.947023,1000,26.023698
4.330038,84,26.13658
19.282983,295,26.538797
76.762089,843,28.191739
95.07688,1000,29.456454
104.324271,1000,31.277739
112.616482,1000,32.541396
9.504153,113,32.687169
12.76611,153,32.928504
90.588427,676,34.32246
142.456027,1000,35.575709
41.909155,359,36.040438
149.224619,1000,37.882966
150.925691,1000,39.20148
25.62359,215,39.496871
8.13682,67,40.117785
11.009403,112,40.293835
159.670462,894,41.414363
126.161237,771,42.386695
2.14184,38,42.435785
20.059936,162,42.658169
2.554036,53,43.271931
50.124726,308,43.704813
187.71211,959,44.915293
51.997066,270,45.250373
187.734455,855,46.872464
187.604364,890,47.981761
23.369536,133,48.22908
72.762037,419,48.811817
93.477726,456,49.937886
45.778582,290,50.314199
187.530841,776,51.292861
27.962036,141,51.480962
52.227805,234,51.767835
187.466562,753,53.24848
33.686704,160,53.482078
158.943176,694,54.371988
152.287114,647,55.189116
51.689225,221,55.977529
28.085334,113,56.161297
155.093272,588,56.912676
187.626168,645,57.722118
187.571215,650,58.56689
187.624347,675,59.997507
187.538616,661,60.845005
166.651789,583,61.596828
187.558304,672,62.969194
187.39353,628,63.82685
187.635064,588,64.59141
55.941486,225,64.868922
155.654692,532,66.082768
9.417064,70,66.171695
170.280621,690,67.051153
156.783054,602,67.802868
33.101045,119,67.979181
163.047302,483,69.160874
187.594682,579,69.912727
187.543486,583,70.656056
101.544911,348,71.097373
187.612008,542,72.305537
187.562999,560,73.00804
187.502943,615,73.798573
187.58113,533,75.065076
54.100785,170,75.306682
9.910208,59,75.387021
160.225528,506,76.026725
5.082719,51,76.099174
10.869844,63,76.189081
6.664388,48,76.25385
187.418253,529,76.927088
75.381292,263,77.263905
187.524017,572,78.51667
114.849879,356,78.987649
113.974452,402,79.6006
187.301183,576,80.332476
137.710607,443,80.904394
128.095263,345,81.899114
47.562988,154,82.108016
60.909329,158,82.308485
187.530045,554,83.021612
164.832339,494,83.656953
15.778207,96,83.784208
187.557655,484,84.995444
11.45944,74,85.099301
187.368113,561,85.829787
116.559811,309,86.2143
134.675703,411,86.736443
187.501916,566,88.002849
46.795908,165,88.234773
130.473266,374,88.727017
43.11699,137,88.900493
52.387675,160,89.11271
187.553854,449,89.721138
187.421871,518,90.405081
187.44931,518,91.5977
187.628728,590,92.326212
187.467205,551,93.04091
187.539302,651,94.380145
187.570361,578,95.162814
23.429505,96,95.289154
125.532119,456,95.883964
161.881735,517,96.538142
187.493799,503,97.736378
187.61114,449,98.292941
165.293496,405,98.812674
56.252525,193,99.068617
187.539013,577,99.833085
187.557771,530,101.076896
187.443484,507,101.742819
187.523787,509,102.383946
187.485771,532,103.073851
187.273908,499,104.239973
80.078757,235,104.54932
49.591466,144,104.739426
187.534846,522,105.440381
187.594552,506,106.090764
15.937891,90,106.21301
187.584308,463,107.346498
187.432561,390,107.879468
58.030614,160,108.175567
187.611433,463,108.764045
187.578799,447,109.346321
187.420238,465,110.501487
187.473862,435,111.128213
187.382544,392,111.673862
187.489848,427,112.24779
187.573342,401,112.756852
159.357399,343,113.707896
187.590537,383,114.222631
78.319266,175,114.454887
35.191695,105,114.591012
75.207392,161,114.798729
125.842358,340,115.271428
187.455916,424,115.833136
187.456731,371,116.309673
140.933506,314,117.263632
187.599256,393,117.779571
85.231155,221,118.050704
89.66379,189,118.290983
17.421774,84,118.41136
187.435506,373,118.889054
24.189243,88,119.010814
187.316698,414,119.544993
187.589356,436,120.649938
187.531276,412,121.229059
74.554141,156,121.427019
187.604848,406,121.947322
187.482262,377,122.429145
187.425739,414,123.519558
12.798137,70,123.606439
187.560338,386,124.120006
187.500703,437,124.667173
187.581651,395,125.16068
69.771106,167,125.4178
187.445626,408,125.985555
187.386852,441,127.110775
85.3275,194,127.352206
48.097771,137,127.550727
187.472453,442,128.122697
67.016918,163,128.327487
187.460302,437,128.873451
38.830801,134,129.052908
187.489164,466,130.181909
187.610128,416,130.735884
187.51108,394,131.254332
187.512789,416,131.773475
30.651524,116,131.926392
71.8183,212,132.217762
38.363079,111,132.370548
187.546393,414,133.434106
187.579744,368,133.924614
187.592002,378,134.417463
187.474753,436,134.98173
187.415876,454,135.56018
187.517479,429,136.719525
43.836778,118,136.870532
187.506887,449,137.432544
187.403345,411,137.967646
187.482163,397,138.469226
187.582664,381,139.50843
37.759638,119,139.68045
187.536805,455,140.257367
20.716868,70,140.360891
76.538252,172,140.588561
65.878552,170,140.815092
187.564895,422,141.385745
187.553593,484,142.046199
20.440778,83,142.161998
187.572058,397,143.205736
187.533843,418,143.741489
187.304613,380,144.223958
187.60544,446,144.829742
187.526495,352,145.278571
45.147733,112,145.959324
187.441007,417,146.552439
187.536903,364,147.019687
187.511319,411,147.546502
187.313121,346,147.988967
187.382661,421,148.528863
69.226244,131,149.214443
187.302125,332,149.649583
187.357254,423,150.19924
187.47686,389,150.705032
187.560454,370,151.209172
187.56626,383,151.711099
187.375086,368,152.747131
187.487638,393,153.247035
38.765549,106,153.374794
72.376658,165,153.592905
187.429023,392,154.098443
187.541796,355,154.540596
187.584641,341,155.490137
187.477872,370,155.995049
187.583395,416,156.562567
53.407839,110,156.725978
156.978733,342,157.187647
187.609903,418,157.707452
187.564621,367,158.241659
187.409112,403,159.294945
134.103204,274,159.651695
36.500836,104,159.796479
187.389266,433,160.344347
187.460112,362,160.802622
112.879109,216,161.095955
187.584068,448,162.289452
47.376707,115,162.426599
187.569033,348,162.88474
187.437175,339,163.315068
187.471039,416,163.851039
43.076782,123,164.009407
121.994815,227,164.306612
187.492877,427,165.408382
45.413303,125,165.568146
187.593658,364,166.034411
187.380543,387,166.508832
187.406918,366,167.02201
34.641473,98,167.176978
187.36682,347,167.636057
187.392819,344,168.607802
187.437722,383,169.108934
187.347269,359,169.56057
187.575573,351,170.024924
187.546336,361,170.488912
187.567664,359,170.939998
187.502513,383,171.971197
187.462023,357,172.443996
187.455323,386,172.939
66.218306,149,173.131102
187.548192,393,173.673543
187.56718,407,174.20079
187.489236,356,175.204088
86.87534,166,175.419048
187.57199,393,175.925768
187.525324,332,176.354409
137.925697,235,176.650433
187.328263,367,177.165981
187.456459,360,178.135517
141.662615,247,178.48044
187.539298,312,178.882126
187.529544,405,179.391125
187.463262,368,179.859058
187.485094,385,180.363366
77.696029,150,180.556293
187.581923,369,181.562065
187.391726,323,181.987561
40.946317,96,182.142859
24.528313,83,182.247572
187.561642,362,182.73299
67.500414,158,182.940408
187.507048,335,183.371541
187.54865,338,183.803117
139.971724,265,184.675901
187.54723,310,185.060447
187.578191,312,185.457721
187.241651,306,185.8567
187.459403,358,186.319642
187.525517,345,186.760066
78.440729,145,186.950432
30.177257,87,187.063056
65.800987,146,187.846123
15.351504,66,187.936303
187.5281,333,188.375805
187.292028,327,188.78463
187.551444,324,189.204696
187.508478,313,189.618033
23.96345,70,189.72116
187.524722,362,190.193887
187.580283,331,191.144013
45.151487,106,191.284928
70.992968,137,191.476115
187.481694,329,191.889768
187.580947,325,192.334064
187.577822,342,192.805881
187.509634,329,193.222885
187.529818,306,194.130659
187.50748,370,194.608618
44.735224,106,194.761277
187.466005,303,195.156994
187.538572,355,195.624578
187.473887,312,196.03652
44.890131,121,196.189735
187.499283,356,196.65041
187.528696,317,197.622141
34.041652,103,197.763721
43.677705,101,197.906229
187.457363,329,198.381394
187.523884,345,198.813603
187.496642,343,199.27076
187.38288,333,199.696409
92.970897,189,199.945153
107.271418,178,200.701771
187.592598,312,201.11181
187.5837,297,201.48034
187.442511,290,201.863682
187.500791,291,202.24169
187.555652,298,202.654993
187.600551,370,203.171638
187.491511,356,204.205105
187.366945,310,204.603909
187.532024,331,205.031565
187.428095,287,205.414376
25.710761,81,205.520202
99.240629,173,205.746543
75.459184,143,205.937486
187.569289,331,206.363151
131.390597,226,207.166167
187.560332,310,207.566562
90.550223,155,207.782627
43.399006,114,207.9466
187.485597,295,208.339542
137.194166,214,208.605355
60.27705,133,208.796142
47.302546,97,208.940895
187.54138,326,209.366596
7.392485,50,209.430656
140.795964,212,209.713342
187.500994,349,210.677257
105.606481,178,210.896026
187.417229,308,211.29624
187.543806,273,211.64848
32.026549,91,211.770958
187.381452,284,212.130861
61.645256,121,212.29228
9.095006,45,212.357202
113.72414,184,212.594244
187.501914,302,213.545712
187.576715,256,213.894974
187.395423,366,214.421877
187.587373,308,214.839682
187.420164,308,215.23535
187.563425,267,215.578832
187.433223,309,215.979779
187.536698,249,216.82302
78.455374,137,217.028749
69.117869,127,217.190961
187.43945,277,217.543731
55.014517,118,217.70482
52.207391,106,217.834202
29.950724,73,217.946419
187.29099,260,218.315701
187.355597,275,218.677286
187.488202,297,219.070165
187.530347,278,219.415073
187.503073,297,220.359738
187.457839,281,220.733367
81.474643,152,220.928764
119.8167,193,221.217274
62.277397,118,221.379354
81.403296,144,221.555196
187.528608,318,221.979273
187.540373,303,222.357937
187.43549,272,222.720153
187.583455,305,223.682551
155.378889,232,223.983143
37.464311,104,224.126959
187.417958,272,224.484113
187.580107,286,224.843019
187.259906,267,225.185583
187.350432,292,225.567911
43.615901,105,225.703094
187.526086,307,226.624151
187.536884,298,227.009459
73.7028,132,227.184908
187.193687,330,227.605201
187.557228,299,227.993216
145.591168,210,228.281558
187.460104,316,228.728744
187.257198,297,229.129879
22.61335,67,229.732059
48.247396,113,229.908192
187.506003,315,230.326052
187.51021,336,230.7442
187.533964,297,231.138087
187.523192,321,231.559077
16.553428,73,231.662575
187.590553,322,232.072953
35.99328,93,232.193266
187.511506,344,233.179483
58.271005,109,233.327519
33.408049,94,233.461583
187.515984,321,233.895887
187.417027,301,234.30542
187.337993,324,234.720369
187.393975,316,235.118936
187.514039,303,235.498423
74.102071,132,236.202199
187.549003,283,236.601068
187.525904,298,237.117454
187.420083,318,237.602916
187.55451,280,238.019581
187.541661,269,238.369472
187.471329,285,238.816611
121.557963,180,239.082358
187.450228,321,240.204167
187.489568,322,240.643604
187.388465,308,241.104509
187.319521,281,241.504622
187.320351,295,241.918009
187.460306,313,242.449021
187.51489,307,242.946435
187.429436,292,244.210151
187.557638,286,244.679114
187.407541,312,245.171302
187.555162,305,245.628369
187.369835,299,246.055938
187.387691,308,246.529677
187.295153,303,247.551473
187.580064,287,247.974768
187.4606,316,248.410829
187.278638,307,248.850951
187.433401,295,249.288959
187.585122,290,249.729258
65.680137,133,249.920935
187.539654,290,250.315008
128.898542,193,251.208457
187.198945,284,251.58202
187.369098,340,252.020236
106.096476,175,252.260275
187.463978,306,252.70191
157.344809,228,252.999756
187.372034,287,253.393166
187.540106,316,253.823353
187.442029,313,254.95382
187.553088,298,255.375743
187.560461,274,255.750713
187.274686,311,256.195233
187.426558,311,256.624642
187.495303,309,257.039373
187.417767,332,258.174828
187.417013,301,258.597695
187.377017,311,259.015041
187.482341,311,259.467079
187.541713,329,259.958824
187.583309,345,260.437288
139.065311,213,260.776578
187.348462,270,261.745004
187.416782,290,262.147274
187.41953,301,262.556111
187.482686,320,262.994573
187.18566,282,263.391468
42.275301,104,263.539914
187.378196,311,263.993173
187.591901,259,264.352583
187.378555,285,265.401597
187.355221,295,265.819617
187.489453,331,266.290037
187.510857,301,266.740376
187.582023,280,267.143712
87.285854,144,267.337335
187.494844,342,267.81038
187.381375,262,268.820371
187.34479,258,269.198524
187.417716,318,269.731946
187.535949,281,270.141663
187.532662,329,270.582096
187.579978,334,271.01153
187.416423,320,271.429425
187.583109,311,272.369804
187.581454,307,272.770862
187.552736,328,273.194139
187.505245,329,273.618358
187.455111,303,274.000637
187.493832,312,274.39492
33.045754,104,274.542701
51.657281,104,274.664526
187.369626,273,275.647764
187.265385,299,276.020459
187.387897,310,276.436757
187.566506,242,276.747867
187.303508,284,277.110908
98.755551,164,277.327131
187.510795,334,277.747209
187.553097,333,278.701885
187.46775,300,279.080175
187.572251,332,279.521045
187.561133,306,280.036694
187.497794,288,280.531366
187.471534,281,280.915895
187.429966,313,281.318758
187.487201,309,282.319306
187.530563,327,282.760462
187.525318,310,283.161202
187.463932,342,283.593088
187.548649,341,284.034073
187.511803,283,284.401193
187.528103,339,285.40843
187.463776,320,285.844869
187.486235,330,286.268474
187.455325,291,286.639338
187.531407,298,287.012887
187.444618,304,287.396579
44.952296,101,287.54019
187.570359,288,288.443702
56.346208,109,288.61081
187.395251,289,288.970119
187.397881,305,289.368696
187.572722,265,289.709589
187.549625,313,290.106973
187.557957,327,290.565454
187.46505,313,291.002433
187.516392,315,291.945407
187.413522,278,292.311801
161.627702,241,292.623253
166.923141,254,292.951368
187.205636,287,293.314671
187.583725,336,293.74969
117.303981,174,293.988801
82.349422,148,294.181452
187.454744,304,295.110129
105.131589,170,295.333299
187.307331,282,295.72656
187.283521,301,296.133932
187.571435,312,296.537371
187.489822,309,296.935787
187.557977,315,297.327444
136.576604,202,298.12179
187.572542,301,298.518555
187.519528,343,298.957783
187.543383,328,299.373524
187.448477,293,299.762453
187.306769,284,300.143277
187.42017,327,300.582264
187.401464,315,301.608418
187.385183,287,301.98451
187.406427,288,302.345145
187.482655,298,302.721706
187.476978,328,303.13764
187.562092,301,303.535459
187.437201,278,303.902549
187.442113,291,304.80204
187.545748,296,305.182075
187.538105,325,305.588733
187.429388,271,305.989264
187.546358,308,306.389285
187.476776,293,306.757859
187.560803,328,307.191125
187.544303,316,308.13484
187.475514,341,308.567186
187.43903,302,308.952374
187.477912,284,309.319286
187.539929,293,309.694424
187.464655,316,310.09578
187.547094,299,311.067013
187.585063,339,311.513616
187.587392,313,311.926189
187.52727,329,312.344392
187.411531,349,312.784
187.512697,298,313.167166
187.400385,309,313.581609
187.519407,315,314.515134
187.519371,309,314.901958
187.467373,288,315.260527
187.467135,307,315.662785
187.445297,323,316.094234
187.516532,320,316.521537
187.376946,286,317.390619
187.507685,258,317.742114
187.443976,319,318.143322
187.500723,295,318.520426
63.925057,120,318.679557
187.411314,284,319.04702
35.850544,86,319.214094
187.516593,300,319.610963
187.50106,273,319.960125
187.36957,278,320.88643
187.505276,303,321.311774
187.548832,300,321.704709
187.523062,284,322.069601
187.492625,290,322.446057
187.506229,264,322.775601
187.4575,279,323.14424
187.515365,298,324.061906
187.432558,288,324.428359
187.455805,276,324.77338
187.426876,310,325.175043
44.511632,99,325.308387
187.546821,296,325.684578
187.536813,285,326.044261
187.361737,294,326.454009
187.541204,298,327.392502
132.321861,213,327.678997
187.516427,316,328.087782
78.959624,149,328.271985
187.395801,281,328.640863
187.524361,315,329.033478
187.483149,288,329.419446
187.491044,283,330.305816
187.524543,317,330.716127
65.946538,133,330.897861
187.358917,283,331.26461
187.578246,328,331.72104
187.575485,308,332.133411
187.452161,326,332.561211
187.524832,278,333.423028
187.516339,304,333.83701
187.522025,321,334.243586
187.527271,289,334.625315
187.579857,302,335.044245
187.369459,306,335.436624
187.481904,326,335.847283
187.548052,356,336.860638
187.479921,304,337.270547
187.49287,314,337.681719
187.398487,308,338.068634
187.589292,305,338.452443
187.464094,307,338.846815
187.43602,369,339.831534
187.565761,280,340.231763
187.544091,310,340.610152
187.488029,315,341.034561
187.531562,285,341.415171
187.524148,299,341.813806
187.365177,286,342.179868
187.407617,292,343.129485
187.574655,305,343.555916
54.628462,114,343.706836
187.537524,278,344.056251
187.513477,287,344.437239
187.341611,282,344.786613
187.528241,297,345.16363
187.540746,302,345.54883
187.558226,311,346.481999
187.580854,311,346.879937
187.406823,284,347.271132
187.455096,316,347.701794
187.426491,304,348.079427
187.449677,312,348.490324
187.541141,276,348.842372
187.522257,298,349.759438
187.518116,297,350.1354
187.381498,295,350.519149
187.502966,299,350.930255
187.562797,319,351.348036
187.4779,296,351.724145
187.540297,294,352.125574
21.584458,63,352.773739
187.507947,294,353.165249
187.512262,275,353.536006
187.32293,301,353.923801
187.482108,299,354.306576
187.542093,285,354.672603
187.337482,301,355.052715
187.44533,300,355.958875
187.570766,286,356.349741
187.530879,296,356.720427
187.55993,293,357.083989
187.427063,296,357.505254
187.485471,299,357.91042
187.546883,266,358.251709
187.432625,335,359.225016
187.497277,283,359.604596
187.510777,271,359.933938
187.438539,282,360.301813
21.091865,60,360.382907
187.483333,317,360.792821
187.576125,291,361.159445
187.552716,278,361.542353
187.448887,284,362.454314
187.537395,286,362.868206
187.589875,301,363.257203
187.567776,289,363.623552
187.575139,302,364.009745
187.516221,277,364.357363
187.465559,280,364.736401
187.550994,272,365.616142
187.443559,298,366.018408
187.517744,286,366.391383
187.453586,291,366.765219
187.496069,286,367.137018
187.564195,295,367.518057
187.445057,301,367.933205
187.433605,278,368.829456
187.522952,299,369.206645
187.521017,286,369.577091
187.570539,288,369.955633
187.55734,325,370.372
187.371344,258,370.691462
187.388443,247,371.016433
187.446661,280,371.390741
187.578944,320,372.370968
187.52489,308,372.833505
187.403073,287,373.221098
187.549139,295,373.602821
75.96215,147,373.802343
187.587354,285,374.177026
187.564141,278,374.538684
187.364396,277,375.484896
187.538331,286,375.918603
187.389325,294,376.325799
187.484627,294,376.729488
187.582337,295,377.141656
187.465112,269,377.559411
187.51427,305,378.052938
187.522282,290,379.073156
187.486958,284,379.492176
187.410421,278,379.896781
187.584151,277,380.292898
187.491773,266,380.68991
187.425824,303,381.12777
187.562834,274,381.517706
187.343366,311,382.590831
187.434285,289,383.033422
187.477523,302,383.485735
187.393002,272,383.86231
187.509733,278,384.262007
102.121096,151,384.497054
187.441966,283,384.906007
187.437906,291,385.332277
187.565794,284,386.354558
187.52749,284,386.763401
187.493149,314,387.221872
187.574468,295,387.628041
187.501726,312,388.070636
46.960366,93,388.241072
187.436379,308,388.682914
187.439772,304,389.713046
187.4102,302,390.188139
187.444969,292,390.617028
187.413964,275,391.002056
187.564623,313,391.445907
187.491488,322,391.911604
187.439964,290,392.338395
187.477065,289,393.372565
187.406025,287,393.798504
187.55595,293,394.211708
187.348898,294,394.645281
187.450356,275,395.044418
187.429821,283,395.461326
187.58605,320,395.940138
187.440176,280,396.944828
187.586143,292,397.405848
187.387752,291,397.817845
187.374334,284,398.24237
187.501047,343,398.757161
187.513512,311,399.230285
187.554605,320,399.683806
187.496758,298,400.74366
187.386558,294,401.20182
187.455058,300,401.630646
187.512733,318,402.092881
187.556612,292,402.503713
187.437495,292,402.93933
187.534181,280,403.328049
187.408783,318,404.449349
187.466229,268,404.831729
187.526706,297,405.24914
187.571546,291,405.682066
187.577601,278,406.079119
187.572408,311,406.52934
187.4314,294,406.945895
187.424863,307,408.017249
187.523937,320,408.479054
187.554995,284,408.910435
187.588326,301,409.360763
187.575232,286,409.774891
187.530063,273,410.154776
187.575397,316,410.601164
187.500124,297,411.652622
187.577202,279,412.047043
18.292034,61,412.143782
187.374913,313,412.593526
187.375824,308,413.055296
187.552022,312,413.488236
187.566281,288,413.914008
187.564949,317,414.968284
187.487839,333,415.464725
187.497461,313,415.923529
187.445086,317,416.381003
187.529118,335,416.867822
187.525265,311,417.315097
187.438033,315,417.776362
187.462586,288,418.887327
187.594367,310,419.365253
187.565235,289,419.777891
187.505012,289,420.19979
187.435077,296,420.624623
187.582238,292,421.035928
187.353244,320,421.488202
32.870812,89,422.228647
187.54346,308,422.692234
187.571131,277,423.110343
187.520372,325,423.569655
187.525788,317,424.027947
187.439169,302,424.478235
187.336478,343,424.960504
187.380804,324,426.064609
187.542577,313,426.503957
187.378117,289,426.934683
187.367802,311,427.401386
187.58045,299,427.825637
187.570866,307,428.26418
187.403883,324,428.737149
187.452125,300,429.823864
187.456988,294,430.23489
187.544563,312,430.663769
187.424409,312,431.137253
187.430879,293,431.550705
187.504253,300,431.985156
187.556907,320,433.054482
187.542504,302,433.536653
187.535773,293,433.96121
187.499038,272,434.360139
187.583805,298,434.826791
187.485642,310,435.29072
187.421205,292,435.763483
187.543613,315,436.831496
187.518595,305,437.254308
187.480144,310,437.716602
111.947775,173,437.970728
187.437973,294,438.393042
187.321516,302,438.834074
187.52109,291,439.259283
187.4967,288,440.306127
187.475959,282,440.739243
187.54448,319,441.20369
187.468297,285,441.602951
187.561848,333,442.08287
187.528618,315,442.518751
187.474401,302,442.966201
187.437883,288,443.964292
187.517604,287,444.389582
187.472222,319,444.870726
187.577295,287,445.289778
187.567463,280,445.691268
187.499314,286,446.083873
187.455326,301,446.506944
187.583013,319,447.604394
187.363264,291,448.035873
187.405795,302,448.469689
187.41974,297,448.897582
187.560045,295,449.322918
187.50599,295,449.733492
187.478553,290,450.174703
187.535665,315,451.21864
187.509287,317,451.712597
187.576879,327,452.179626
187.518568,304,452.608701
187.549874,307,453.060734
187.41507,295,453.476263
187.345603,294,453.896627
187.529318,331,455.000149
187.577612,303,455.480167
187.530234,316,455.927429
187.368591,303,456.352413
50.626375,102,456.505196
187.534345,296,456.926648
187.334343,301,457.37268
187.584016,300,458.431515
187.28806,322,458.91015
187.41769,315,459.357322
187.533457,324,459.828503
187.551185,312,460.300377
187.505807,306,460.748174
187.539514,296,461.171196
187.500358,314,462.262388
187.437859,321,462.715812
187.496369,326,463.209496
187.481689,306,463.656392
187.561072,321,464.104616
187.551711,314,464.560986
187.511559,329,465.660962
187.476185,315,466.106429
60.72423,126,466.28668
187.532033,305,466.716212
187.459704,303,467.15384
187.577756,323,467.643357
187.439322,310,468.101675
187.58617,328,469.227759
187.524185,341,469.729843
187.554386,339,470.211304
187.376044,330,470.718017
187.559411,313,471.239015
187.56665,353,471.742815
187.44488,324,472.779492
187.552406,325,473.263112
187.547853,358,473.781088
187.504292,329,474.245447
187.520466,308,474.682013
187.554024,292,475.08589
187.530183,351,475.582661
187.550838,339,476.716391
187.534579,287,477.104383
187.462622,317,477.544705
187.585743,330,478.03709
187.508004,309,478.470964
187.472518,286,478.878565
187.272591,283,479.91205
187.543359,291,480.327297
187.571835,310,480.770452
187.47007,314,481.271869
187.554788,287,481.686539
187.570196,302,482.108264
187.528989,310,482.551863
187.532343,310,483.637398
187.579976,335,484.10304
187.565158,307,484.551315
187.551659,284,484.960936
187.444367,312,485.418469
187.546035,309,485.878675
187.422306,326,486.37843
187.522413,288,487.408481
187.352048,298,487.83247
187.50398,321,488.291624
187.49746,312,488.785704
187.442147,302,489.223997
187.513344,287,489.641758
187.520639,292,490.684658
187.562063,297,491.130381
187.492884,292,491.610514
187.50332,296,492.034934
187.431169,273,492.424517
187.438568,308,492.855527
187.555165,330,493.334962
187.584693,290,494.385294
187.523255,276,494.796853
187.522176,304,495.235175
187.519575,324,495.709752
187.508892,323,496.181376
187.378082,326,496.68824
187.578183,307,497.148507
187.557157,325,498.277401
187.570551,287,498.69294
187.573203,280,499.131382
187.490482,287,499.54894
187.465163,282,499.959213
187.584364,313,500.411169
187.438718,278,500.822461
187.367431,278,501.86622
187.503367,276,502.262197
187.573023,308,502.699508
187.573183,311,503.144663
187.564277,316,503.597076
187.584528,344,504.111076
187.56301,308,504.543234
187.559089,276,505.566716
187.429135,283,505.990299
187.406098,326,506.533007
187.33325,295,506.996067
187.476446,303,507.443854
187.528864,274,507.831381
187.519249,293,508.265196
187.548599,297,509.353955
187.493922,288,509.756274
187.493573,302,510.17547
187.530049,316,510.630829
187.555526,295,511.050161
187.397593,287,511.460894
187.545627,307,512.550861
72.721339,114,512.735202
187.482961,292,513.149799
187.562917,320,513.603757
187.538026,295,514.041698
187.473503,293,514.452222
187.456547,313,514.899473
187.523239,280,515.314924
187.45259,281,516.329237
187.553849,286,516.748634
187.40525,302,517.221552
187.516495,283,517.634256
187.431523,278,518.026541
187.558496,289,518.439241
187.49721,279,518.849307
187.588219,315,519.933135
187.30413,327,520.385849
187.450261,301,520.817208
187.469641,296,521.241818
187.528431,308,521.685776
187.490974,331,522.152121
187.344868,295,522.594206
187.488075,306,523.662624
187.537267,315,524.135741
187.511132,303,524.561265
187.525337,302,524.991513
187.537183,267,525.38108
187.467392,323,525.861266
187.484848,274,526.845072
187.292713,301,527.315401
187.566745,274,527.732689
187.538807,298,528.184918
187.56293,320,528.673353
187.344064,303,529.166843
187.345397,282,529.614048
187.580543,279,530.662983
187.470566,313,531.160239
187.495479,299,531.615088
187.581686,297,532.056043
187.51731,289,532.473528
187.557369,282,532.901814
187.332325,295,533.3263
51.06945,104,533.486369
187.537,297,534.529054
187.446344,304,534.95422
187.440382,312,535.399767
187.290589,291,535.812762
187.452057,287,536.227626
187.322196,318,536.679966
187.384776,284,537.090326
187.574971,280,538.140873
187.573842,313,538.581966
187.394963,289,538.996713
187.465393,314,539.448958
187.555404,282,539.875785
13.785227,52,539.958443
187.358179,281,540.367018
187.249968,280,540.778034
187.52748,303,541.828258
187.55794,281,542.252553
187.485752,284,542.65606
187.565428,300,543.122531
187.54051,289,543.539905
187.581707,304,544.082299
187.578924,290,544.534498
187.430522,301,545.571448
187.552261,301,545.997727
187.408611,285,546.422063
187.559149,298,546.851467
187.449478,288,547.254882
187.405347,299,547.700353
187.498535,297,548.176027
187.451526,282,549.19516
187.315354,310,549.676135
187.588063,319,550.144324
187.596285,305,550.587534
187.446134,292,551.033414
187.595252,312,551.526842
187.499356,305,552.569188
187.42247,267,552.995619
187.446724,286,553.420477
187.385932,278,553.905992
187.536462,267,554.295797
187.531436,284,554.71647
187.581465,272,555.101908
187.488513,310,555.529912
187.591956,320,556.595101
59.389052,126,556.79337
187.390508,271,557.178964
187.534607,268,557.565753
187.545091,292,557.996043
187.367933,288,558.490118
187.427207,289,558.922412
187.490685,289,559.953457
187.569523,297,560.417289
187.374586,310,560.870668
187.409248,289,561.273947
187.520926,292,561.698449
187.576779,278,562.102231
187.449935,306,562.553994
187.422585,302,563.619748
187.482061,277,564.035667
187.437819,299,564.466444
187.575923,297,564.91973
187.350786,299,565.354068
187.403641,285,565.747513
187.505482,279,566.140759
187.531496,318,567.222038
187.559283,286,567.635589
187.362208,286,568.065796
187.570958,303,568.504146
187.489088,281,568.961856
187.497408,301,569.407189
187.431738,294,569.845266
187.577881,297,570.877423
187.569352,294,571.32031
187.518352,280,571.729857
187.561756,298,572.162275
187.555856,300,572.595573
187.431519,288,573.00409
187.532587,301,573.444918
116.525422,197,573.734281
187.487837,283,574.80578
187.497494,271,575.243713
187.540811,282,575.653755
187.344754,305,576.093028
187.440452,270,576.482146
187.567412,291,576.892888
187.483943,296,577.361108
187.479251,284,578.402949
187.30801,278,578.828893
187.421201,311,579.302895
187.566127,314,579.754719
187.59177,312,580.241766
187.403818,304,580.686194
187.329275,271,581.08343
187.554699,284,582.091367
187.494128,269,582.481502
187.543534,325,582.959869
187.377645,294,583.385577
187.504871,290,583.808903
187.561549,286,584.26197
187.494071,308,584.729571
187.495299,300,585.862163
187.435173,277,586.293338
187.444871,298,586.73889
187.583635,271,587.154626
187.464499,329,587.652389
187.367387,300,588.109511
120.203963,185,588.394482
187.366482,291,589.519574
187.495455,273,589.946645
187.287425,279,590.400499
187.546863,282,590.801967
187.529938,301,591.224179
187.527005,276,591.616718
187.40408,294,592.034144
187.586999,298,593.057376
187.260263,272,593.460534
187.445497,292,593.88194
187.488466,305,594.317763
187.446792,329,594.830417
187.510355,287,595.266393
187.533685,276,595.669938
187.50071,298,596.69548
187.419815,290,597.119983
187.299039,305,597.551344
187.535748,273,597.944965
126.64968,194,598.223243
187.374352,297,598.637047
187.532291,310,599.075001
187.551139,299,600.208439
187.473673,312,600.652343
187.416674,292,601.076684
187.501956,269,601.454285
187.334947,303,601.897506
187.43687,282,602.31531
187.393547,274,602.718785
187.500611,309,603.775703
187.525595,303,604.236965
187.386547,330,604.729902
187.463893,295,605.152659
187.502906,339,605.654729
187.375481,289,606.058055
187.516872,342,606.538216
187.51607,325,607.617172
187.361865,308,608.054689
187.344071,322,608.493574
187.52643,302,608.911025
187.432675,284,609.349136
187.546794,296,609.776903
187.494784,317,610.834137
187.51702,324,611.331902
187.494492,304,611.770031
187.476643,306,612.21742
187.552358,291,612.639866
187.256925,318,613.105927
42.845193,90,613.25111
187.536647,324,613.718319
187.431536,296,614.79042
187.501718,300,615.242028
187.541776,292,615.679883
187.443184,295,616.090619
187.530069,283,616.493929
187.538249,306,616.932589
187.499832,320,617.397734
187.56606,353,618.518792
187.381697,292,618.942209
187.576019,300,619.381288
187.494214,336,619.847615
187.421471,317,620.32763
187.511395,292,620.750214
187.436348,307,621.788418
187.509843,300,622.220402
187.551215,315,622.67918
187.561671,316,623.126323
187.532818,309,623.578063
187.442703,304,624.027999
187.443001,310,624.476782
187.550768,314,625.573556
187.493704,312,626.053507
187.539496,289,626.463084
187.588601,312,626.895035
187.439318,312,627.355936
187.452722,302,627.802202
187.392032,328,628.877637
187.441502,326,629.367621
187.460599,320,629.838271
187.496595,306,630.259102
187.420454,326,630.842997
187.351195,310,631.285871
187.501829,280,631.677204
187.490687,326,632.761652
187.573752,315,633.23946
187.496339,346,633.741969
187.392904,317,634.202659
187.490153,341,634.687382
187.413359,340,635.18546
187.36002,298,636.281753
187.56618,283,636.697351
187.463811,319,637.145736
187.465084,290,637.554574
187.413468,288,637.971169
187.481518,322,638.443615
44.892801,104,638.597565
187.487765,310,639.049827
187.438411,318,640.139922
187.472078,335,640.624314
187.555698,290,641.074277
187.397914,297,641.493457
187.586064,291,641.931809
187.591153,318,642.382218
187.38412,325,643.441272
117.650988,179,643.711191
187.486822,337,644.186268
187.574644,324,644.657033
187.57467,332,645.137476
187.470937,332,645.62009
187.395813,269,646.035103
187.581272,310,647.092319
187.33405,288,647.496025
187.516775,265,647.893061
187.523215,302,648.330814
119.62704,190,648.608089
187.51012,303,649.042199
187.532296,288,649.457898
187.555353,316,650.521888
187.571151,265,650.939957
187.517864,307,651.405804
187.530547,321,651.888248
187.249443,314,652.349388
187.468185,266,652.734259
187.533183,292,653.147199
187.484321,297,654.155691
187.329907,318,654.631096
187.482633,285,655.037462
187.529777,293,655.462491
142.896484,202,655.75435
187.501059,307,656.216888
187.541553,328,656.728613
187.533272,275,657.702621
75.733568,124,657.919051
187.312576,320,658.377329
187.488752,300,658.829238
187.555136,299,659.259767
187.269292,295,659.688503
187.424459,288,660.112076
125.171467,205,660.4036
187.446805,269,661.426097
187.280751,305,661.889149
187.495758,311,662.335902
187.505799,280,662.746574
187.503382,284,663.15701
187.491649,311,663.603732
187.429074,280,664.031375
187.461832,260,664.979411
187.446485,285,665.406181
187.419686,287,665.814639
187.512304,283,666.228541
187.476418,261,666.653454
187.335424,310,667.09633
187.540314,301,667.522777
187.546908,297,668.530904
187.572301,304,669.000131
187.361775,295,669.418268
187.248515,258,669.782861
187.469566,278,670.18386
187.507488,289,670.601843
187.452177,269,670.982953
187.381704,297,671.41417
187.48506,313,672.51067
187.457731,268,672.891604
99.660712,158,673.141631
187.588874,342,673.614289
187.393869,263,673.995796
187.56741,267,674.365061
187.577111,257,674.714713
187.584649,283,675.703291
187.531995,287,676.118849
25.267977,75,676.23152
187.461132,299,676.681785
187.400481,273,677.085661
187.484235,280,677.497851
187.426078,272,677.871708
187.41748,301,678.300805
187.432875,279,679.300727
187.564507,294,679.743721
187.49364,308,680.188174
51.916595,110,680.348612
187.517993,279,680.754143
187.349826,299,681.190192
187.545784,267,681.579566
187.444036,294,682.02415
187.384314,268,683.033807
187.402237,265,683.474386
187.170222,256,683.835495
187.507671,296,684.251617
187.453296,301,684.689806
187.494621,281,685.085808
187.406295,283,685.482822
187.414336,287,686.491285
187.36821,284,686.912215
187.480684,278,687.321255
187.427455,295,687.736126
74.15113,124,687.919611
187.565327,291,688.321469
187.453624,289,688.733205
187.434062,298,689.156509
187.402725,278,690.196348
187.413639,310,690.632935
187.526123,298,691.052039
187.463301,280,691.469248
187.458534,280,691.897575
187.478353,279,692.293981
187.406499,287,692.72443
187.406058,330,693.830774
187.572281,325,694.285329
187.366618,260,694.659897
187.496003,291,695.082915
187.545773,322,695.54219
187.599133,286,695.952684
187.553867,312,696.405954
187.470631,295,697.490901
187.583755,314,697.975472
187.470506,309,698.402733
187.559246,305,698.82695
187.496679,285,699.230437
29.946473,77,699.351281
187.535726,283,699.752461
187.463362,328,700.829692
187.466833,291,701.265275
187.536529,284,701.679719
129.076736,190,701.957799
187.416413,281,702.382415
187.579655,275,702.799484
187.516463,285,703.226352
187.329088,307,703.658917
187.492636,327,704.749663
187.478523,297,705.175235
187.417455,297,705.612993
187.518378,298,706.029638
187.510335,296,706.466301
187.504879,293,706.876722
187.579509,309,707.935577
187.497719,287,708.382387
187.496555,314,708.825184
187.586663,325,709.284238
187.493006,276,709.668322
187.359912,302,710.09811
187.319148,274,710.49345
187.464564,289,711.512159
187.516043,304,711.969391
187.565727,280,712.400682
20.101662,64,712.493025
187.456266,268,712.866834
187.551182,308,713.326632
187.444992,268,713.717691
187.588051,325,714.176449
187.374119,282,715.20433
187.511953,293,715.623945
187.57959,282,716.02055
187.345132,249,716.3735
187.534235,277,716.792478
187.507899,312,717.243195
187.272227,287,717.640551
187.581709,297,718.727739
187.484245,321,719.225805
187.370319,286,719.642747
187.373414,329,720.11813
187.526747,296,720.547947
187.509836,318,721.020941
187.279355,289,721.454559
187.32801,292,722.54154
187.536417,278,722.955029
187.360717,319,723.448975
187.508682,293,723.89323
187.36451,292,724.318799
187.514883,322,724.801932
187.515676,282,725.230053
187.542004,282,726.272722
187.581162,263,726.683942
187.482081,312,727.150482
187.573263,269,727.561565
187.478844,298,727.99908
187.576743,294,728.453815
187.413444,334,728.964474
187.5347,283,729.994897
187.5359,305,730.433301
187.519836,290,730.864571
187.412242,324,731.330746
187.437956,296,731.762091
187.533701,304,732.211567
187.565318,318,732.707297
187.469343,297,733.781848
187.372511,282,734.212817
187.477712,282,734.616778
187.448737,279,735.040912
187.343436,284,735.47261
187.384811,312,735.93185
187.485872,313,736.452045
187.43111,311,737.546128
187.513864,307,738.010045
187.41456,288,738.423089
187.522827,293,738.888403
187.563043,283,739.305744
187.559836,290,739.729898
187.329269,283,740.155329
187.532411,317,741.273363
187.516169,325,741.790128
187.567905,302,742.261243
187.549643,281,742.668245
187.528878,303,743.118829
187.489387,277,743.512964
187.565641,291,743.974072
187.230007,283,745.003192
187.270403,295,745.448178
187.561028,285,745.882688
187.388559,301,746.32437
187.573653,296,746.762975
187.480844,310,747.228056
187.570756,317,748.309883
187.58416,271,748.738952
187.376631,289,749.204959
187.313968,271,749.608441
187.383383,304,750.047004
187.49434,305,750.499253
187.332051,304,750.978803
187.587806,297,751.99128
187.386152,295,752.44111
187.570905,308,752.883172
187.497495,307,753.317299
187.2921,293,753.758081
187.526088,302,754.227257
187.539128,334,754.726737
187.585571,292,755.775908
187.557806,331,756.265809
187.566763,332,756.761022
187.260427,292,757.184492
187.432556,297,757.622495
187.46094,326,758.123477
187.543558,299,758.547928
187.261425,286,759.626276
187.449501,299,760.064463
187.577834,278,760.466869
187.406473,296,760.897376
187.369764,300,761.360945
187.556651,298,761.782983
187.465322,267,762.179567
187.520114,278,763.353947
187.454341,312,763.894924
187.331404,325,764.365489
187.497466,292,764.820593
187.416645,320,765.30521
79.289531,139,765.520907
187.558591,296,765.952394
187.525125,301,766.989419
187.164521,298,767.447594
187.318307,295,767.893058
187.41717,300,768.338009
187.424343,295,768.770237
187.51531,315,769.244025
187.394318,291,769.714769
187.297684,290,770.758454
187.217335,295,771.205326
187.470632,304,771.665432
187.487897,308,772.114654
104.063062,167,772.358152
187.572298,311,772.85206
187.54025,303,773.306828
187.521066,288,774.326845
187.567564,289,774.75522
187.400698,273,775.156825
187.490147,321,775.634996
187.409412,288,776.046968
187.586644,310,776.483785
20.550894,58,776.567291
187.586183,301,776.993867
187.429038,303,778.084843
187.485054,310,778.536192
187.388254,293,778.95504
187.501402,279,779.350284
187.328462,269,779.746854
187.464806,303,780.214121
187.306708,289,780.638165
103.680735,181,781.505289
21.567846,58,781.632136
187.347627,318,782.091384
187.479074,283,782.50177
187.451072,325,782.960949
187.34586,283,783.385557
187.387759,292,783.812052
187.371003,282,784.220387
187.501246,324,785.328637
187.409392,302,785.757687
187.483312,282,786.159013
187.491067,274,786.546058
187.550437,293,786.9684
187.496124,278,787.374237
187.583837,260,787.761534
187.34121,293,788.805054
187.428159,272,789.208637
187.570041,283,789.628048
15.216945,54,789.713603
187.331906,299,790.154903
187.476104,260,790.582453
187.439955,280,790.975911
187.555248,314,791.430059
187.453867,311,792.499293
187.533704,259,792.885842
187.469805,276,793.289809
187.340107,288,793.724869
187.566255,280,794.135395
187.567363,299,794.57395
187.483876,272,794.96342
187.440875,308,796.055138
187.427761,274,796.455019
187.435509,282,796.855509
187.30057,282,797.259209
187.447439,290,797.669333
187.51484,275,798.059462
187.499106,291,798.498779
187.532062,283,798.90813
187.574601,293,799.952141
187.411667,256,800.334391
187.498664,275,800.786638
187.471771,285,801.211133
187.590398,302,801.644228
187.565173,267,802.045897
187.55031,266,802.449295
187.550986,297,803.520773
187.424777,286,803.927424
187.271046,280,804.355586
187.544114,300,804.800947
187.512439,303,805.23913
187.493936,304,805.677595
187.557755,252,806.066193
187.289405,263,807.069831
187.570296,294,807.493245
187.291634,304,807.93171
187.469134,283,808.369845
187.375816,287,808.814342
187.512498,258,809.177088
187.567426,283,809.573649
187.334888,266,810.583839
187.480706,274,811.04419
187.529232,304,811.476115
187.373048,282,811.876594
187.537215,292,812.294161
187.483335,276,812.704594
187.581061,271,813.090229
187.405666,273,813.498069
187.584619,268,814.520249
187.514486,316,814.993508
187.502854,287,815.410937
187.555539,269,815.807405
187.44279,279,816.238809
187.535158,267,816.628308
187.469693,279,817.031756
187.476237,279,818.068383
187.552469,263,818.436846
187.120653,257,818.833389
187.313728,263,819.215401
187.536125,281,819.612124
187.522093,262,819.987826
187.516196,261,820.37142
187.356586,275,820.781945
21.63614,59,821.518888
101.017906,146,821.761972
187.524581,296,822.176435
187.500917,253,822.549605
187.511239,298,822.979475
187.24967,271,823.370032
187.448766,295,823.815163
187.43345,288,824.248069
187.225568,281,825.299087
187.565216,266,825.686391
187.497131,272,826.144484
187.382397,267,826.574205
187.526096,262,826.972872
187.512518,270,827.363376
187.557072,267,827.774445
187.452788,250,828.16556
187.508306,265,829.200031
187.511121,277,829.599267
187.46601,284,830.007488
187.428378,269,830.393943
187.425565,294,830.814258
187.47879,271,831.226925
187.546322,262,831.638589
187.350378,252,832.614174
20.477153,58,832.720024
187.42408,271,833.130949
187.457659,301,833.603192
187.470059,315,834.085677
187.476433,294,834.543356
187.392922,261,834.939506
187.526722,286,835.385244
187.573077,290,836.447128
187.466708,258,836.867139
187.534523,267,837.270371
187.412525,270,837.674226
187.457249,282,838.08458
187.484012,294,838.509267
187.538076,300,838.954394
187.506846,302,839.976624
187.482011,301,840.445886
187.296052,299,840.868055
187.530556,301,841.347744
187.584066,275,841.744306
187.295251,329,842.265803
187.579495,280,842.676343
187.528667,283,843.724056
187.501039,270,844.18091
187.540003,286,844.59671
187.543922,288,845.034952
187.443875,299,845.487277
187.290712,264,845.89789
187.552818,299,846.350159
187.414519,286,846.794402
187.510007,232,847.861544
187.32674,227,848.15098
187.334876,228,848.451014
187.250745,232,848.735457
